q,a
How do I track my order?,Go to your account > Orders and click Track next to your order.
What is your return policy?,"30-day returns for unused items in original packaging."
Do you ship internationally?,"Yes, we ship to 40+ countries. Duties/taxes may apply."
How can I contact support?,"Email support@example.com or WhatsApp +91-90000-00000."
What payment methods are accepted?,"UPI, cards, net banking."
How long does delivery take?,"Usually 3–5 working days depending on your location."
Can I cancel my order?,"Yes, within 12 hours if it hasn't shipped."
